{
  "TECHTAKA": {
    "name": "테크타카",
    "S100_USE_QR_CODE": true,
    "S100_USE_GAMEPAD": false,
    "goals": [
      {
        "id": "AMR-CONTAINER-01",
        "label": "컨테이너존"
      },
      {
        "id": "AMR-CHARGING-01",
        "label": "충전존"
      },
      {
        "id": "AMR-PACKING-01",
        "label": "패킹존"
      },
      {
        "id": "AMR-WAITING-01",
        "label": "대기존"
      }
    ]
  },
  "CATERPILLAR": {
    "name": "캐터필라",
    "S100_USE_QR_CODE": false,
    "S100_USE_GAMEPAD": false,
    "goals": [
      {
        "id": "SF_QM",
        "label": "측정실"
      },
      {
        "id": "SF_GRI",
        "label": "연삭기"
      },
      {
        "id": "SF_POL",
        "label": "폴리싱"
      },
      {
        "id": "SF_LARG",
        "label": "중대형"
      }
    ]
  },
  "TEST": {
    "name": "TEST",
    "S100_USE_QR_CODE": true,
    "S100_USE_GAMEPAD": true,
    "goals": [
      {
        "id": "AMR-CONTAINER-01",
        "label": "측정실"
      },
      {
        "id": "AMR-CHARGING-01",
        "label": "연삭기"
      },
      {
        "id": "AMR-PACKING-01",
        "label": "폴리싱"
      },
      {
        "id": "AMR-WAITING-01",
        "label": "중대형"
      },
      {
        "id": "AMR-TESTA-01",
        "label": "테스트A"
      },
      {
        "id": "AMR-TESTB-01",
        "label": "테스트B"
      },
      {
        "id": "AMR-TESTC-01",
        "label": "테스트C"
      }
    ]
  },
  "DEFAULT": {
    "name": "레인보우로보틱스",
    "S100_USE_QR_CODE": false,
    "S100_USE_GAMEPAD": true
  }
}