{
  "TECHTAKA": {
    "name": "TECHTAKA",
    "S100_USE_QR_CODE": true,
    "S100_USE_GAMEPAD": true,
    "S100_USE_PICKING_LIST": false,
    "STATIC_GOALS": [
      {
        "id": "AMR-CONTAINER-01",
        "name": "컨테이너존"
      },
      {
        "id": "AMR-CHARGING-01",
        "name": "충전존"
      },
      {
        "id": "AMR-PACKING-01",
        "name": "패킹존"
      }
    ]
  },
  "CATERPILLAR": {
    "name": "캐터필라",
    "S100_USE_QR_CODE": false,
    "S100_USE_GAMEPAD": false,
    "S100_USE_PICKING_LIST": false
  },
  "PIMZ": {
    "name": "이지어드민",
    "S100_USE_QR_CODE": false,
    "S100_USE_GAMEPAD": true,
    "S100_USE_PICKING_LIST": true
  },
  "TEST": {
    "name": "TEST",
    "S100_USE_QR_CODE": true,
    "S100_USE_GAMEPAD": true,
    "S100_USE_PICKING_LIST": false
  },
  "DEFAULT": {
    "name": "레인보우로보틱스",
    "S100_USE_QR_CODE": false,
    "S100_USE_GAMEPAD": true,
    "S100_USE_PICKING_LIST": false
  }
}