{
  "DEFAULT": {
    "name": "특정 업체 없음(Default)",
    "robotModel": "DEFAULT",
    "S100_USE_QR_CODE": false,
    "S100_USE_GAMEPAD": true
  },
  "TECHTAKA": {
    "name": "TECHTAKA",
    "robotModel": "S100",
    "S100_USE_QR_CODE": true,
    "S100_USE_GAMEPAD": true,
    "STATIC_GOALS": [
      {
        "id": "AMR-CONTAINER-01",
        "name": "컨테이너존"
      },
      {
        "id": "AMR-CHARGING-01",
        "name": "충전존"
      },
      {
        "id": "AMR-PACKING-01",
        "name": "패킹존"
      }
    ]
  },
  "CATERPILLAR": {
    "name": "캐터필라",
    "robotModel": "S100",
    "S100_USE_QR_CODE": false,
    "S100_USE_GAMEPAD": false
  },
  "TEST": {
    "name": "TEST",
    "robotModel": "TEST",
    "S100_USE_QR_CODE": true,
    "S100_USE_GAMEPAD": true
  }
}