{
  "TECHTAKA": {
    "name": "TECHTAKA",
    "S100_USE_QR_CODE": true,
    "S100_USE_GAMEPAD": false,
    "STATIC_GOALS": [
      {
        "id": "AMR-CONTAINER-01",
        "name": "컨테이너존"
      },
      {
        "id": "AMR-CHARGING-01",
        "name": "충전존"
      },
      {
        "id": "AMR-PACKING-01",
        "name": "패킹존"
      },
      {
        "id": "AMR-WAITING-01",
        "name": "대기존"
      }
    ]
  },
  "CATERPILLAR": {
    "name": "캐터필라",
    "S100_USE_QR_CODE": false,
    "S100_USE_GAMEPAD": false
  },
  "TEST": {
    "name": "TEST",
    "S100_USE_QR_CODE": true,
    "S100_USE_GAMEPAD": true
  },
  "DEFAULT": {
    "name": "레인보우로보틱스",
    "S100_USE_QR_CODE": false,
    "S100_USE_GAMEPAD": true
  }
}